Student Name,Subject,Grade,Remarks,Comments,Date Recorded
John Smith,Mathematics,A+,Excellent performance,Shows strong analytical skills,2024-01-15
Sarah Johnson,English,B+,Good work,Good reading comprehension,2024-01-15
Michael Brown,Science,A,Very good,Demonstrates good understanding,2024-01-15
Emma Wilson,Social Studies,B,Good effort,Participates well in class,2024-01-15
Daniel Davis,Mathematics,B+,Good progress,Shows improvement,2024-01-15
Olivia Garcia,English,A-,Excellent,Strong writing skills,2024-01-15
William Martinez,Science,B,Good work,Good practical skills,2024-01-15
Sophia Rodriguez,Social Studies,A,Outstanding,Excellent participation,2024-01-15
Ethan Lopez,Mathematics,C+,Needs improvement,Requires more practice,2024-01-15
Ava Gonzalez,English,B+,Good work,Good communication skills,2024-01-15 